bc,L,n,c,delta,samples,zeta_s,zeta_s_err,W2_direct,W2_parseval
free,1048576,0.8,1.0,1.0,1000,1.492723,0.002945,77123192358768066560.000000,77123192358768181248.000000
free,1048576,0.85,1.0,1.0,1000,1.496177,0.002510,3266105329649180160.000000,3266105329649179648.000000
free,1048576,0.9,1.0,1.0,1000,1.498945,0.002274,311194458589743232.000000,311194458589743040.000000
free,1048576,1.0,1.0,1.0,1000,1.499593,0.002151,11965421813119136.000000,11965421813119134.000000
free,1048576,1.1,1.0,1.0,1000,1.492551,0.002304,1395812116351168.250000,1395812116351169.750000
free,1048576,1.3,1.0,1.0,1000,1.465091,0.002732,98060491587075.328125,98060491587075.515625
free,1048576,1.5,1.0,1.0,1000,1.434989,0.002972,20285656040513.847656,20285656040513.796875
free,1048576,2.0,1.0,1.0,1000,1.378835,0.003133,2539697602489.417480,2539697602489.424316
free,1048576,3.0,1.0,1.0,1000,1.323491,0.003131,491971690328.708557,491971690328.708313
free,1048576,4.0,1.0,1.0,1000,1.297772,0.003106,244982632849.579926,244982632849.579346
free,131072,0.8,1.0,1.0,1000,1.495885,0.002961,50040475735676560.000000,50040475735676568.000000
free,131072,0.85,1.0,1.0,1000,1.498255,0.002612,3330272588610904.500000,3330272588610901.000000
free,131072,0.9,1.0,1.0,1000,1.500202,0.002489,446344269764548.312500,446344269764547.937500
free,131072,1.0,1.0,1.0,1000,1.499967,0.002399,27758461360074.480469,27758461360074.480469
free,131072,1.1,1.0,1.0,1000,1.492890,0.002396,4471179346442.866211,4471179346442.869141
free,131072,1.3,1.0,1.0,1000,1.466350,0.002556,471349926975.305603,471349926975.305176
free,131072,1.5,1.0,1.0,1000,1.437192,0.002694,124574468627.990662,124574468627.990753
free,131072,2.0,1.0,1.0,1000,1.382388,0.002812,21662700581.594814,21662700581.594795
free,131072,3.0,1.0,1.0,1000,1.328008,0.002836,5467592096.243678,5467592096.243667
free,131072,4.0,1.0,1.0,1000,1.302652,0.002834,3051251482.632337,3051251482.632335
free,2048,0.8,1.0,1.0,1000,1.490954,0.002969,9834162248.961023,9834162248.961018
free,2048,0.85,1.0,1.0,1000,1.494836,0.002876,1808312046.678834,1808312046.678838
free,2048,0.9,1.0,1.0,1000,1.497909,0.002888,518681065.585528,518681065.585528
free,2048,1.0,1.0,1.0,1000,1.498686,0.002967,93412430.440127,93412430.440127
free,2048,1.1,1.0,1.0,1000,1.491294,0.003021,30532265.740191,30532265.740191
free,2048,1.3,1.0,1.0,1000,1.462759,0.003009,7785026.339392,7785026.339392
free,2048,1.5,1.0,1.0,1000,1.431808,0.002934,3492881.699144,3492881.699144
free,2048,2.0,1.0,1.0,1000,1.374562,0.002812,1228997.370969,1228997.370969
free,2048,3.0,1.0,1.0,1000,1.318401,0.002756,544744.288429,544744.288429
free,2048,4.0,1.0,1.0,1000,1.292287,0.002750,386901.411994,386901.411994
free,2097152,0.8,1.0,1.0,1000,1.490715,0.003368,1013603540233323675648.000000,1013603540233323544576.000000
free,2097152,0.85,1.0,1.0,1000,1.494472,0.003126,35702801752427827200.000000,35702801752427790336.000000
free,2097152,0.9,1.0,1.0,1000,1.496933,0.003013,2974935727000358912.000000,2974935727000363520.000000
free,2097152,1.0,1.0,1.0,1000,1.495670,0.002922,95320323312338176.000000,95320323312338256.000000
free,2097152,1.1,1.0,1.0,1000,1.486265,0.002907,9877525136582572.000000,9877525136582558.000000
free,2097152,1.3,1.0,1.0,1000,1.455334,0.002956,600287403347142.000000,600287403347142.875000
free,2097152,1.5,1.0,1.0,1000,1.423497,0.002986,114004024171185.453125,114004024171185.578125
free,2097152,2.0,1.0,1.0,1000,1.366033,0.002974,12754758865972.714844,12754758865972.707031
free,2097152,3.0,1.0,1.0,1000,1.310569,0.002924,2260839357150.081055,2260839357150.080078
free,2097152,4.0,1.0,1.0,1000,1.285022,0.002897,1084105572881.055420,1084105572881.054810
free,32768,0.8,1.0,1.0,1000,1.492862,0.002608,257457053311356.468750,257457053311356.937500
free,32768,0.85,1.0,1.0,1000,1.496711,0.002397,24429364052712.960938,24429364052712.945312
free,32768,0.9,1.0,1.0,1000,1.499856,0.002388,4268643091321.996094,4268643091321.991699
free,32768,1.0,1.0,1.0,1000,1.501368,0.002491,384320435053.651367,384320435053.651123
free,32768,1.1,1.0,1.0,1000,1.495458,0.002575,79144667459.860458,79144667459.860382
free,32768,1.3,1.0,1.0,1000,1.470401,0.002720,11329479795.812775,11329479795.812775
free,32768,1.5,1.0,1.0,1000,1.442097,0.002836,3595240905.938913,3595240905.938912
free,32768,2.0,1.0,1.0,1000,1.388134,0.002965,797205056.294682,797205056.294683
free,32768,3.0,1.0,1.0,1000,1.333966,0.003007,244233048.923453,244233048.923454
free,32768,4.0,1.0,1.0,1000,1.308545,0.003009,148071097.432631,148071097.432631
free,524288,0.8,1.0,1.0,1000,1.494377,0.003131,6326641129711316992.000000,6326641129711320064.000000
free,524288,0.85,1.0,1.0,1000,1.499174,0.002853,310014004679906432.000000,310014004679906752.000000
free,524288,0.9,1.0,1.0,1000,1.502823,0.002761,33019317319352096.000000,33019317319352108.000000
free,524288,1.0,1.0,1.0,1000,1.504265,0.002761,1488256927163725.750000,1488256927163726.500000
free,524288,1.1,1.0,1.0,1000,1.497363,0.002826,193384244756415.312500,193384244756415.156250
free,524288,1.3,1.0,1.0,1000,1.469639,0.002929,15580729824773.253906,15580729824773.269531
free,524288,1.5,1.0,1.0,1000,1.439205,0.002942,3503392086992.239258,3503392086992.237793
free,524288,2.0,1.0,1.0,1000,1.382517,0.002866,490855538038.680298,490855538038.681030
free,524288,3.0,1.0,1.0,1000,1.326751,0.002758,104162052958.723007,104162052958.723175
free,524288,4.0,1.0,1.0,1000,1.300864,0.002711,53952771924.778625,53952771924.778625
free,8192,0.8,1.0,1.0,1000,1.488856,0.003012,1557742285633.756104,1557742285633.754883
free,8192,0.85,1.0,1.0,1000,1.492266,0.002793,207033167601.113770,207033167601.113556
free,8192,0.9,1.0,1.0,1000,1.494927,0.002738,46556979313.774803,46556979313.774834
free,8192,1.0,1.0,1.0,1000,1.495558,0.002711,5964554804.496058,5964554804.496058
free,8192,1.1,1.0,1.0,1000,1.488871,0.002714,1553478217.087888,1553478217.087889
free,8192,1.3,1.0,1.0,1000,1.462560,0.002801,298135823.269543,298135823.269543
free,8192,1.5,1.0,1.0,1000,1.433461,0.002861,112770607.737210,112770607.737210
free,8192,2.0,1.0,1.0,1000,1.378713,0.002865,31587071.896578,31587071.896578
free,8192,3.0,1.0,1.0,1000,1.324323,0.002807,11659525.882097,11659525.882097
free,8192,4.0,1.0,1.0,1000,1.298922,0.002775,7655081.878289,7655081.878289
periodic,1048576,0.8,1.0,1.0,1000,1.486706,0.002231,5589525148791853056.000000,5589525148791856128.000000
periodic,1048576,0.85,1.0,1.0,1000,1.491977,0.001889,292354139391646720.000000,292354139391646912.000000
periodic,1048576,0.9,1.0,1.0,1000,1.496132,0.001776,32584621413084476.000000,32584621413084524.000000
periodic,1048576,1.0,1.0,1.0,1000,1.499931,0.001779,1555328688235999.500000,1555328688235995.500000
periodic,1048576,1.1,1.0,1.0,1000,1.496642,0.001852,208975486805153.937500,208975486805153.968750
periodic,1048576,1.3,1.0,1.0,1000,1.475134,0.002018,17445255368090.982422,17445255368091.007812
periodic,1048576,1.5,1.0,1.0,1000,1.447712,0.002107,3991699015074.371094,3991699015074.367188
periodic,1048576,2.0,1.0,1.0,1000,1.392579,0.002125,569545092853.142700,569545092853.141724
periodic,1048576,3.0,1.0,1.0,1000,1.335972,0.002081,122065917876.355392,122065917876.355545
periodic,1048576,4.0,1.0,1.0,1000,1.309295,0.002064,63407071927.874039,63407071927.874016
periodic,131072,0.8,1.0,1.0,1000,1.488496,0.002242,2981946953845710.500000,2981946953845709.000000
periodic,131072,0.85,1.0,1.0,1000,1.493401,0.001894,253700584965635.000000,253700584965634.718750
periodic,131072,0.9,1.0,1.0,1000,1.497224,0.001803,40688219217248.812500,40688219217248.898438
periodic,131072,1.0,1.0,1.0,1000,1.500171,0.001811,3228178730602.491211,3228178730602.496094
periodic,131072,1.1,1.0,1.0,1000,1.495853,0.001817,608138784538.062744,608138784538.062378
periodic,131072,1.3,1.0,1.0,1000,1.472546,0.001840,77396548774.261703,77396548774.261612
periodic,131072,1.5,1.0,1.0,1000,1.444080,0.001887,22800698460.541615,22800698460.541634
periodic,131072,2.0,1.0,1.0,1000,1.387214,0.001981,4555148846.951361,4555148846.951363
periodic,131072,3.0,1.0,1.0,1000,1.329077,0.002073,1277606617.309494,1277606617.309494
periodic,131072,4.0,1.0,1.0,1000,1.301960,0.002114,744739339.726785,744739339.726784
periodic,2048,0.8,1.0,1.0,1000,1.485697,0.002409,649825616.372645,649825616.372645
periodic,2048,0.85,1.0,1.0,1000,1.491637,0.002083,151057862.408909,151057862.408909
periodic,2048,0.9,1.0,1.0,1000,1.496057,0.001972,51479355.459882,51479355.459882
periodic,2048,1.0,1.0,1.0,1000,1.499454,0.001953,11730258.111090,11730258.111090
periodic,2048,1.1,1.0,1.0,1000,1.495088,0.001959,4463977.995880,4463977.995880
periodic,2048,1.3,1.0,1.0,1000,1.471124,0.001931,1367728.464634,1367728.464634
periodic,2048,1.5,1.0,1.0,1000,1.441863,0.001894,682405.527473,682405.527473
periodic,2048,2.0,1.0,1.0,1000,1.383713,0.001850,275128.999388,275128.999388
periodic,2048,3.0,1.0,1.0,1000,1.323673,0.001847,135264.818720,135264.818720
periodic,2048,4.0,1.0,1.0,1000,1.295504,0.001814,100283.068351,100283.068351
periodic,2097152,0.8,1.0,1.0,1000,1.486385,0.002099,67312640758446194688.000000,67312640758446292992.000000
periodic,2097152,0.85,1.0,1.0,1000,1.491653,0.001773,3013526693858423808.000000,3013526693858421248.000000
periodic,2097152,0.9,1.0,1.0,1000,1.495652,0.001693,298713499976554240.000000,298713499976554624.000000
periodic,2097152,1.0,1.0,1.0,1000,1.498591,0.001699,12088895882009736.000000,12088895882009736.000000
periodic,2097152,1.1,1.0,1.0,1000,1.493972,0.001705,1454160728441777.000000,1454160728441775.000000
periodic,2097152,1.3,1.0,1.0,1000,1.469979,0.001716,105635368312117.765625,105635368312117.812500
periodic,2097152,1.5,1.0,1.0,1000,1.441247,0.001734,22225689679217.664062,22225689679217.683594
periodic,2097152,2.0,1.0,1.0,1000,1.385264,0.001783,2833465061825.129883,2833465061825.128906
periodic,2097152,3.0,1.0,1.0,1000,1.328935,0.001827,554421974489.374390,554421974489.374146
periodic,2097152,4.0,1.0,1.0,1000,1.302602,0.001845,276896223353.576416,276896223353.576538
periodic,32768,0.8,1.0,1.0,1000,1.487788,0.002060,17169169672859.066406,17169169672859.091797
periodic,32768,0.85,1.0,1.0,1000,1.492994,0.001770,2056724817118.000244,2056724817117.998779
periodic,32768,0.9,1.0,1.0,1000,1.497026,0.001739,426134147104.623291,426134147104.623962
periodic,32768,1.0,1.0,1.0,1000,1.500602,0.001833,48350193387.215637,48350193387.215691
periodic,32768,1.1,1.0,1.0,1000,1.497149,0.001888,11555033490.542366,11555033490.542379
periodic,32768,1.3,1.0,1.0,1000,1.475301,0.001903,1978462288.845878,1978462288.845877
periodic,32768,1.5,1.0,1.0,1000,1.447540,0.001885,696074972.575959,696074972.575958
periodic,32768,2.0,1.0,1.0,1000,1.391842,0.001858,176103353.170077,176103353.170078
periodic,32768,3.0,1.0,1.0,1000,1.334912,0.001899,59637770.777621,59637770.777621
periodic,32768,4.0,1.0,1.0,1000,1.308092,0.001930,37685592.836079,37685592.836079
periodic,524288,0.8,1.0,1.0,1000,1.484234,0.002350,447628571002697536.000000,447628571002697856.000000
periodic,524288,0.85,1.0,1.0,1000,1.490659,0.002045,27642112490071040.000000,27642112490071084.000000
periodic,524288,0.9,1.0,1.0,1000,1.495709,0.001939,3486072151839616.000000,3486072151839612.000000
periodic,524288,1.0,1.0,1.0,1000,1.500619,0.001882,197515974464551.187500,197515974464550.781250
periodic,524288,1.1,1.0,1.0,1000,1.497890,0.001839,29720121395155.023438,29720121395155.066406
periodic,524288,1.3,1.0,1.0,1000,1.476943,0.001808,2854668644193.087402,2854668644193.090820
periodic,524288,1.5,1.0,1.0,1000,1.449939,0.001844,710057592825.464233,710057592825.464478
periodic,524288,2.0,1.0,1.0,1000,1.395278,0.001977,113146854162.036911,113146854162.037109
periodic,524288,3.0,1.0,1.0,1000,1.339048,0.002108,26473673883.780724,26473673883.780682
periodic,524288,4.0,1.0,1.0,1000,1.312531,0.002149,14276749999.791698,14276749999.791710
periodic,8192,0.8,1.0,1.0,1000,1.481913,0.002271,103405168546.787247,103405168546.787216
periodic,8192,0.85,1.0,1.0,1000,1.487468,0.001987,17277814512.195671,17277814512.195686
periodic,8192,0.9,1.0,1.0,1000,1.491934,0.001897,4596446043.398973,4596446043.398968
periodic,8192,1.0,1.0,1.0,1000,1.496241,0.001829,740481174.656355,740481174.656354
periodic,8192,1.1,1.0,1.0,1000,1.493180,0.001792,223637680.224073,223637680.224073
periodic,8192,1.3,1.0,1.0,1000,1.471635,0.001847,51330314.874878,51330314.874878
periodic,8192,1.5,1.0,1.0,1000,1.444133,0.001917,21537309.218102,21537309.218102
periodic,8192,2.0,1.0,1.0,1000,1.388882,0.001973,6893518.059366,6893518.059366
periodic,8192,3.0,1.0,1.0,1000,1.332478,0.002002,2818453.386235,2818453.386235
periodic,8192,4.0,1.0,1.0,1000,1.305879,0.001983,1930566.125550,1930566.125550
